INSERT INTO "products" (id, title, price, description, category, image)
VALUES (1, 'Produto 1', 53.23, 'Descrição do produto 1', 'Categoria 1', 'https://picsum.photos/200?random=1'),
       (2, 'Produto 2', 78.91, 'Descrição do produto 2', 'Categoria 2', 'https://picsum.photos/200?random=2'),
       (3, 'Produto 3', 34.56, 'Descrição do produto 3', 'Categoria 3', 'https://picsum.photos/200?random=3'),
       (4, 'Produto 4', 95.12, 'Descrição do produto 4', 'Categoria 4', 'https://picsum.photos/200?random=4'),
       (5, 'Produto 5', 42.87, 'Descrição do produto 5', 'Categoria 5', 'https://picsum.photos/200?random=5'),
       (6, 'Produto 6', 67.45, 'Descrição do produto 6', 'Categoria 6', 'https://picsum.photos/200?random=6'),
       (7, 'Produto 7', 88.22, 'Descrição do produto 7', 'Categoria 7', 'https://picsum.photos/200?random=7'),
       (8, 'Produto 8', 29.99, 'Descrição do produto 8', 'Categoria 8', 'https://picsum.photos/200?random=8'),
       (9, 'Produto 9', 49.50, 'Descrição do produto 9', 'Categoria 9', 'https://picsum.photos/200?random=9'),
       (10, 'Produto 10', 74.31, 'Descrição do produto 10', 'Categoria 10', 'https://picsum.photos/200?random=10'),
       (11, 'Produto 11', 61.27, 'Descrição do produto 11', 'Categoria 11', 'https://picsum.photos/200?random=11'),
       (12, 'Produto 12', 38.64, 'Descrição do produto 12', 'Categoria 12', 'https://picsum.photos/200?random=12'),
       (13, 'Produto 13', 82.18, 'Descrição do produto 13', 'Categoria 13', 'https://picsum.photos/200?random=13'),
       (14, 'Produto 14', 55.33, 'Descrição do produto 14', 'Categoria 14', 'https://picsum.photos/200?random=14'),
       (15, 'Produto 15', 47.99, 'Descrição do produto 15', 'Categoria 15', 'https://picsum.photos/200?random=15'),
       (16, 'Produto 16', 69.87, 'Descrição do produto 16', 'Categoria 16', 'https://picsum.photos/200?random=16'),
       (17, 'Produto 17', 33.21, 'Descrição do produto 17', 'Categoria 17', 'https://picsum.photos/200?random=17'),
       (18, 'Produto 18', 58.42, 'Descrição do produto 18', 'Categoria 18', 'https://picsum.photos/200?random=18'),
       (19, 'Produto 19', 90.75, 'Descrição do produto 19', 'Categoria 19', 'https://picsum.photos/200?random=19'),
       (20, 'Produto 20', 41.33, 'Descrição do produto 20', 'Categoria 20', 'https://picsum.photos/200?random=20'),
       (21, 'Produto 21', 63.14, 'Descrição do produto 21', 'Categoria 21', 'https://picsum.photos/200?random=21'),
       (22, 'Produto 22', 77.89, 'Descrição do produto 22', 'Categoria 22', 'https://picsum.photos/200?random=22'),
       (23, 'Produto 23', 36.47, 'Descrição do produto 23', 'Categoria 23', 'https://picsum.photos/200?random=23'),
       (24, 'Produto 24', 52.60, 'Descrição do produto 24', 'Categoria 24', 'https://picsum.photos/200?random=24'),
       (25, 'Produto 25', 68.95, 'Descrição do produto 25', 'Categoria 25', 'https://picsum.photos/200?random=25'),
       (26, 'Produto 26', 44.78, 'Descrição do produto 26', 'Categoria 26', 'https://picsum.photos/200?random=26'),
       (27, 'Produto 27', 80.11, 'Descrição do produto 27', 'Categoria 27', 'https://picsum.photos/200?random=27'),
       (28, 'Produto 28', 39.56, 'Descrição do produto 28', 'Categoria 28', 'https://picsum.photos/200?random=28'),
       (29, 'Produto 29', 71.22, 'Descrição do produto 29', 'Categoria 29', 'https://picsum.photos/200?random=29'),
       (30, 'Produto 30', 48.90, 'Descrição do produto 30', 'Categoria 30', 'https://picsum.photos/200?random=30');

INSERT INTO users (id, name, email, created_at)
VALUES (1, 'Usuario 1', 'usuario1@email.com', NOW()),
       (2, 'Usuario 2', 'usuario2@email.com', NOW()),
       (3, 'Usuario 3', 'usuario3@email.com', NOW()),
       (4, 'Usuario 4', 'usuario4@email.com', NOW()),
       (5, 'Usuario 5', 'usuario5@email.com', NOW());

INSERT INTO carts (id, user_id)
VALUES (1, 1),
       (2, 1),
       (3, 2),
       (4, 2),
       (5, 2),
       (6, 3),
       (7, 3),
       (8, 3),
       (9, 4),
       (10, 4),
       (11, 4),
       (12, 5),
       (13, 5),
       (14, 5),
       (15, 5);

INSERT INTO "cart_products" (cart_id, product_id, quantity)
VALUES (1, 1, 2),
       (1, 5, 1),
       (2, 2, 3),
       (2, 7, 2),
       (3, 3, 1),
       (3, 4, 2),
       (3, 8, 1),
       (4, 5, 4),
       (4, 9, 2),
       (5, 6, 1),
       (5, 10, 3),
       (6, 7, 2),
       (6, 11, 1),
       (7, 8, 3),
       (7, 12, 2),
       (8, 9, 1),
       (8, 13, 2),
       (9, 10, 4),
       (9, 14, 1),
       (10, 11, 2),
       (10, 15, 3),
       (11, 12, 1),
       (11, 16, 2),
       (12, 13, 1),
       (12, 17, 3),
       (13, 14, 2),
       (13, 18, 1),
       (14, 19, 2),
       (14, 20, 1),
       (15, 21, 3),
       (15, 22, 2);
